{
  "accuracy": [
    0.852173924446106,
    0.9108695387840271,
    0.8913043737411499,
    0.917391300201416,
    0.9130434989929199,
    0.9434782862663269,
    0.928260862827301,
    0.9108695387840271,
    0.939130425453186,
    0.9195652008056641,
    0.939130425453186,
    0.9347826242446899,
    0.9239130616188049,
    0.958695650100708,
    0.915217399597168,
    0.9195652008056641,
    0.9239130616188049,
    0.915217399597168,
    0.947826087474823,
    0.895652174949646,
    0.9347826242446899,
    0.926086962223053,
    0.945652186870575,
    0.939130425453186,
    0.9239130616188049,
    0.9347826242446899,
    0.9239130616188049,
    0.9347826242446899,
    0.9326087236404419,
    0.904347836971283,
    0.9239130616188049,
    0.9521738886833191,
    0.945652186870575,
    0.939130425453186,
    0.8999999761581421,
    0.928260862827301,
    0.939130425453186,
    0.947826087474823,
    0.936956524848938,
    0.9347826242446899,
    0.949999988079071,
    0.939130425453186,
    0.945652186870575,
    0.9434782862663269,
    0.949999988079071,
    0.9347826242446899,
    0.9543478488922119,
    0.9521738886833191,
    0.947826087474823,
    0.9630434513092041,
    0.9543478488922119,
    0.969565212726593,
    0.9717391133308411,
    0.958695650100708,
    0.9717391133308411,
    0.9630434513092041,
    0.960869550704956,
    0.969565212726593,
    0.960869550704956,
    0.969565212726593,
    0.9739130139350891
  ],
  "val_accuracy": [
    0.2347826063632965,
    0.017391303554177284,
    0.904347836971283,
    0.9304347634315491,
    0.8173912763595581,
    0.895652174949646,
    0.782608687877655,
    0.7565217614173889,
    0.7565217614173889,
    0.800000011920929,
    0.7565217614173889,
    0.834782600402832,
    0.7565217614173889,
    0.9217391014099121,
    0.7565217614173889,
    0.947826087474823,
    0.9652174115180969,
    0.782608687877655,
    0.947826087474823,
    0.7565217614173889,
    0.7652173638343811,
    0.95652174949646,
    0.8608695864677429,
    0.895652174949646,
    0.7739130258560181,
    0.947826087474823,
    0.9130434989929199,
    0.7565217614173889,
    0.7565217614173889,
    0.939130425453186,
    0.9217391014099121,
    0.7565217614173889,
    0.7565217614173889,
    0.7565217614173889,
    0.7565217614173889,
    0.9739130139350891,
    0.7565217614173889,
    0.7565217614173889,
    0.9304347634315491,
    0.947826087474823,
    0.7565217614173889,
    0.7565217614173889,
    0.7652173638343811,
    0.7565217614173889,
    0.7565217614173889,
    0.7565217614173889,
    0.7565217614173889,
    0.7565217614173889,
    0.9304347634315491,
    0.8260869383811951,
    0.7565217614173889,
    0.7565217614173889,
    0.7565217614173889,
    0.7565217614173889,
    0.7565217614173889,
    0.7565217614173889,
    0.95652174949646,
    0.782608687877655,
    0.7565217614173889,
    0.8086956739425659,
    0.7565217614173889
  ],
  "loss": [
    2.2625808715820312,
    2.2899107933044434,
    2.198822498321533,
    1.9211252927780151,
    1.908923625946045,
    1.6767483949661255,
    1.654983639717102,
    1.6431500911712646,
    1.395564079284668,
    1.3775665760040283,
    1.2523919343948364,
    1.1629358530044556,
    1.1576592922210693,
    0.9765485525131226,
    1.0187135934829712,
    0.9697489738464355,
    0.9004240036010742,
    0.9416633248329163,
    0.7833335995674133,
    0.8495790362358093,
    0.7466740608215332,
    0.6751517057418823,
    0.683770477771759,
    0.6639599204063416,
    0.6166558265686035,
    0.5999879240989685,
    0.6175085306167603,
    0.5545179843902588,
    0.5660449266433716,
    0.7258440256118774,
    0.5865675806999207,
    0.4914795458316803,
    0.4576132297515869,
    0.47654420137405396,
    0.5678558945655823,
    0.5602468848228455,
    0.5046625137329102,
    0.5043869018554688,
    0.506827175617218,
    0.5178772807121277,
    0.46629300713539124,
    0.43796148896217346,
    0.4555414915084839,
    0.40394851565361023,
    0.432854026556015,
    0.4116852283477783,
    0.3575730323791504,
    0.33518481254577637,
    0.31527265906333923,
    0.298495352268219,
    0.35519343614578247,
    0.26362717151641846,
    0.27081331610679626,
    0.27111291885375977,
    0.24076251685619354,
    0.28476229310035706,
    0.31086215376853943,
    0.27262213826179504,
    0.3124580383300781,
    0.2653266191482544,
    0.23075157403945923
  ],
  "val_loss": [
    33.260223388671875,
    12.758800506591797,
    2.156311273574829,
    2.0268163681030273,
    2.4843993186950684,
    1.7722169160842896,
    2.53243088722229,
    2.0998146533966064,
    3.2962069511413574,
    1.7656294107437134,
    2.540822744369507,
    1.3083137273788452,
    3.781259536743164,
    1.3366584777832031,
    3.6410300731658936,
    0.9265020489692688,
    0.9265754818916321,
    1.0733290910720825,
    0.761489748954773,
    1.7667657136917114,
    1.738166332244873,
    0.5947220921516418,
    0.9425287246704102,
    0.6689465045928955,
    1.0339404344558716,
    0.5716486573219299,
    0.654242992401123,
    2.7893104553222656,
    3.80602765083313,
    0.5660263299942017,
    0.49478182196617126,
    1.6047035455703735,
    2.8738694190979004,
    1.345473289489746,
    3.537341356277466,
    0.4179779589176178,
    4.40873384475708,
    2.230203628540039,
    0.5350178480148315,
    0.5821237564086914,
    1.5097737312316895,
    1.327688455581665,
    0.7461035847663879,
    1.3708720207214355,
    2.530812978744507,
    1.2037633657455444,
    1.3934392929077148,
    1.623695969581604,
    0.5303828120231628,
    1.0731947422027588,
    1.7678648233413696,
    1.3737088441848755,
    1.3438831567764282,
    2.051250696182251,
    1.4154553413391113,
    1.426018238067627,
    0.4508138597011566,
    0.6155497431755066,
    1.2254246473312378,
    0.7196208238601685,
    0.9243687391281128
  ],
  "epochs": 61,
  "final_train_acc": 0.960869550704956,
  "final_val_acc": 0.9739130139350891,
  "best_val_acc": 0.9739130139350891,
  "img_size": [
    160,
    160
  ],
  "batch_size": 16,
  "learning_rate": 0.003,
  "augmentation": false,
  "augmentation_strength": null,
  "l2_weight": 0.001,
  "dropout_conv": 0.2,
  "dropout_dense": 0.3,
  "class_weights": {
    "0": 0.8,
    "1": 1.5,
    "2": 1.2
  },
  "timestamp": "2026-02-13 14:22:15"
}